TicketID,SeatNumber,Price,Availability
1,A001,100,Available
2,A002,100,Available
3,A003,100,Available
4,A004,100,Available
5,A005,100,Available
6,A006,100,Available
7,A007,100,Available
8,A008,100,Available
9,A009,100,Available
10,A010,100,Available
11,A011,100,Available
12,A012,100,Available
13,A013,100,Available
14,A014,100,Available
15,A015,100,Available
16,A016,100,Available
17,A017,100,Available
18,A018,100,Available
19,A019,100,Available
20,A020,100,Available
21,A021,100,Available
22,A022,100,Available
23,A023,100,Available
24,A024,100,Available
25,A025,100,Available
26,A026,100,Available
27,A027,100,Available
28,A028,100,Available
29,A029,100,Available
30,A030,100,Available
31,A031,100,Available
32,A032,100,Available
33,A033,100,Available
34,A034,100,Available
35,A035,100,Available
36,A036,100,Available
37,A037,100,Available
38,A038,100,Available
39,A039,100,Available
40,A040,100,Available
41,A041,100,Available
42,A042,100,Available
43,A043,100,Available
44,A044,100,Available
45,A045,100,Available
46,A046,100,Available
47,A047,100,Available
48,A048,100,Available
49,A049,100,Available
50,A050,100,Available
51,A051,100,Available
52,A052,100,Available
53,A053,100,Available
54,A054,100,Available
55,A055,100,Available
56,A056,100,Available
57,A057,100,Available
58,A058,100,Available
59,A059,100,Available
60,A060,100,Available
61,A061,100,Available
62,A062,100,Available
63,A063,100,Available
64,A064,100,Available
65,A065,100,Available
66,A066,100,Available
67,A067,100,Available
68,A068,100,Available
69,A069,100,Available
70,A070,100,Available
71,A071,100,Available
72,A072,100,Available
73,A073,100,Available
74,A074,100,Available
75,A075,100,Available
76,A076,100,Available
77,A077,100,Available
78,A078,100,Available
79,A079,100,Available
80,A080,100,Available
81,A081,100,Available
82,A082,100,Available
83,A083,100,Available
84,A084,100,Available
85,A085,100,Available
86,A086,100,Available
87,A087,100,Available
88,A088,100,Available
89,A089,100,Available
90,A090,100,Available
91,A091,100,Available
92,A092,100,Available
93,A093,100,Available
94,A094,100,Available
95,A095,100,Available
96,A096,100,Available
97,A097,100,Available
98,A098,100,Available
99,A099,100,Available
100,A100,100,Available
101,A101,100,Available
102,A102,100,Available
103,A103,100,Available
104,A104,100,Available
105,A105,100,Available
106,A106,100,Available
107,A107,100,Available
108,A108,100,Available
109,A109,100,Available
110,A110,100,Available
111,A111,100,Available
112,A112,100,Available
113,A113,100,Available
114,A114,100,Available
115,A115,100,Available
116,A116,100,Available
117,A117,100,Available
118,A118,100,Available
119,A119,100,Available
120,A120,100,Available
121,A121,100,Available
122,A122,100,Available
123,A123,100,Available
124,A124,100,Available
125,A125,100,Available
126,A126,100,Available
127,A127,100,Available
128,A128,100,Available
129,A129,100,Available
130,A130,100,Available
131,A131,100,Available
132,A132,100,Available
133,A133,100,Available
134,A134,100,Available
135,A135,100,Available
136,A136,100,Available
137,A137,100,Available
138,A138,100,Available
139,A139,100,Available
140,A140,100,Available
141,A141,100,Available
142,A142,100,Available
143,A143,100,Available
144,A144,100,Available
145,A145,100,Available
146,A146,100,Available
147,A147,100,Available
148,A148,100,Available
149,A149,100,Available
150,A150,100,Available
151,A151,100,Available
152,A152,100,Available
153,A153,100,Available
154,A154,100,Available
155,A155,100,Available
156,A156,100,Available
157,A157,100,Available
158,A158,100,Available
159,A159,100,Available
160,A160,100,Available
161,A161,100,Available
162,A162,100,Available
163,A163,100,Available
164,A164,100,Available
165,A165,100,Available
166,A166,100,Available
167,A167,100,Available
168,A168,100,Available
169,A169,100,Available
170,A170,100,Available
171,A171,100,Available
172,A172,100,Available
173,A173,100,Available
174,A174,100,Available
175,A175,100,Available
176,A176,100,Available
177,A177,100,Available
178,A178,100,Available
179,A179,100,Available
180,A180,100,Available
181,A181,100,Available
182,A182,100,Available
183,A183,100,Available
184,A184,100,Available
185,A185,100,Available
186,A186,100,Available
187,A187,100,Available
188,A188,100,Available
189,A189,100,Available
190,A190,100,Available
191,A191,100,Available
192,A192,100,Available
193,A193,100,Available
194,A194,100,Available
195,A195,100,Available
196,A196,100,Available
197,A197,100,Available
198,A198,100,Available
199,A199,100,Available
200,A200,100,Available
201,A201,100,Available
202,A202,100,Available
203,A203,100,Available
204,A204,100,Available
205,A205,100,Available
206,A206,100,Available
207,A207,100,Available
208,A208,100,Available
209,A209,100,Available
210,A210,100,Available
211,A211,100,Available
212,A212,100,Available
213,A213,100,Available
214,A214,100,Available
215,A215,100,Available
216,A216,100,Available
217,A217,100,Available
218,A218,100,Available
219,A219,100,Available
220,A220,100,Available
221,A221,100,Available
222,A222,100,Available
223,A223,100,Available
224,A224,100,Available
225,A225,100,Available
226,A226,100,Available
227,A227,100,Available
228,A228,100,Available
229,A229,100,Available
230,A230,100,Available
231,A231,100,Available
232,A232,100,Available
233,A233,100,Available
234,A234,100,Available
235,A235,100,Available
236,A236,100,Available
237,A237,100,Available
238,A238,100,Available
239,A239,100,Available
240,A240,100,Available
241,A241,100,Available
242,A242,100,Available
243,A243,100,Available
244,A244,100,Available
245,A245,100,Available
246,A246,100,Available
247,A247,100,Available
248,A248,100,Available
249,A249,100,Available
250,A250,100,Available
251,B001,250,Available
252,B002,250,Available
253,B003,250,Available
254,B004,250,Available
255,B005,250,Available
256,B006,250,Available
257,B007,250,Available
258,B008,250,Available
259,B009,250,Available
260,B010,250,Available
261,B011,250,Available
262,B012,250,Available
263,B013,250,Available
264,B014,250,Available
265,B015,250,Available
266,B016,250,Available
267,B017,250,Available
268,B018,250,Available
269,B019,250,Available
270,B020,250,Available
271,B021,250,Available
272,B022,250,Available
273,B023,250,Available
274,B024,250,Available
275,B025,250,Available
276,B026,250,Available
277,B027,250,Available
278,B028,250,Available
279,B029,250,Available
280,B030,250,Available
281,B031,250,Available
282,B032,250,Available
283,B033,250,Available
284,B034,250,Available
285,B035,250,Available
286,B036,250,Available
287,B037,250,Available
288,B038,250,Available
289,B039,250,Available
290,B040,250,Available
291,B041,250,Available
292,B042,250,Available
293,B043,250,Available
294,B044,250,Available
295,B045,250,Available
296,B046,250,Available
297,B047,250,Available
298,B048,250,Available
299,B049,250,Available
300,B050,250,Available
301,B051,250,Available
302,B052,250,Available
303,B053,250,Available
304,B054,250,Available
305,B055,250,Available
306,B056,250,Available
307,B057,250,Available
308,B058,250,Available
309,B059,250,Available
310,B060,250,Available
311,B061,250,Available
312,B062,250,Available
313,B063,250,Available
314,B064,250,Available
315,B065,250,Available
316,B066,250,Available
317,B067,250,Available
318,B068,250,Available
319,B069,250,Available
320,B070,250,Available
321,B071,250,Available
322,B072,250,Available
323,B073,250,Available
324,B074,250,Available
325,B075,250,Available
326,B076,250,Available
327,B077,250,Available
328,B078,250,Available
329,B079,250,Available
330,B080,250,Available
331,B081,250,Available
332,B082,250,Available
333,B083,250,Available
334,B084,250,Available
335,B085,250,Available
336,B086,250,Available
337,B087,250,Available
338,B088,250,Available
339,B089,250,Available
340,B090,250,Available
341,B091,250,Available
342,B092,250,Available
343,B093,250,Available
344,B094,250,Available
345,B095,250,Available
346,B096,250,Available
347,B097,250,Available
348,B098,250,Available
349,B099,250,Available
350,B100,250,Available
351,B101,250,Available
352,B102,250,Available
353,B103,250,Available
354,B104,250,Available
355,B105,250,Available
356,B106,250,Available
357,B107,250,Available
358,B108,250,Available
359,B109,250,Available
360,B110,250,Available
361,B111,250,Available
362,B112,250,Available
363,B113,250,Available
364,B114,250,Available
365,B115,250,Available
366,B116,250,Available
367,B117,250,Available
368,B118,250,Available
369,B119,250,Available
370,B120,250,Available
371,B121,250,Available
372,B122,250,Available
373,B123,250,Available
374,B124,250,Available
375,B125,250,Available
376,B126,250,Available
377,B127,250,Available
378,B128,250,Available
379,B129,250,Available
380,B130,250,Available
381,B131,250,Available
382,B132,250,Available
383,B133,250,Available
384,B134,250,Available
385,B135,250,Available
386,B136,250,Available
387,B137,250,Available
388,B138,250,Available
389,B139,250,Available
390,B140,250,Available
391,B141,250,Available
392,B142,250,Available
393,B143,250,Available
394,B144,250,Available
395,B145,250,Available
396,B146,250,Available
397,B147,250,Available
398,B148,250,Available
399,B149,250,Available
400,B150,250,Available
401,C001,500,Available
402,C002,500,Available
403,C003,500,Available
404,C004,500,Available
405,C005,500,Available
406,C006,500,Available
407,C007,500,Available
408,C008,500,Available
409,C009,500,Available
410,C010,500,Available
411,C011,500,Available
412,C012,500,Available
413,C013,500,Available
414,C014,500,Available
415,C015,500,Available
416,C016,500,Available
417,C017,500,Available
418,C018,500,Available
419,C019,500,Available
420,C020,500,Available
421,C021,500,Available
422,C022,500,Available
423,C023,500,Available
424,C024,500,Available
425,C025,500,Available
426,C026,500,Available
427,C027,500,Available
428,C028,500,Available
429,C029,500,Available
430,C030,500,Available
431,C031,500,Available
432,C032,500,Available
433,C033,500,Available
434,C034,500,Available
435,C035,500,Available
436,C036,500,Available
437,C037,500,Available
438,C038,500,Available
439,C039,500,Available
440,C040,500,Available
441,C041,500,Available
442,C042,500,Available
443,C043,500,Available
444,C044,500,Available
445,C045,500,Available
446,C046,500,Available
447,C047,500,Available
448,C048,500,Available
449,C049,500,Available
450,C050,500,Available
451,C051,500,Available
452,C052,500,Available
453,C053,500,Available
454,C054,500,Available
455,C055,500,Available
456,C056,500,Available
457,C057,500,Available
458,C058,500,Available
459,C059,500,Available
460,C060,500,Available
461,C061,500,Available
462,C062,500,Available
463,C063,500,Available
464,C064,500,Available
465,C065,500,Available
466,C066,500,Available
467,C067,500,Available
468,C068,500,Available
469,C069,500,Available
470,C070,500,Available
471,C071,500,Available
472,C072,500,Available
473,C073,500,Available
474,C074,500,Available
475,C075,500,Available
476,C076,500,Available
477,C077,500,Available
478,C078,500,Available
479,C079,500,Available
480,C080,500,Available
481,C081,500,Available
482,C082,500,Available
483,C083,500,Available
484,C084,500,Available
485,C085,500,Available
486,C086,500,Available
487,C087,500,Available
488,C088,500,Available
489,C089,500,Available
490,C090,500,Available
491,C091,500,Available
492,C092,500,Available
493,C093,500,Available
494,C094,500,Available
495,C095,500,Available
496,C096,500,Available
497,C097,500,Available
498,C098,500,Available
499,C099,500,Available
500,C100,500,Available
